,#Code_commune_INSEE,Lib_MA,departement,Code_postal,Nom_de_la_commune_url,url
31714,72146,GUECELARD,72,72230,guecelard,https://www.meilleursagents.com/prix-immobilier/guecelard-72230/
31715,72147,LA GUIERCHE,72,72380,la-guierche,https://www.meilleursagents.com/prix-immobilier/la-guierche-72380/
31716,72148,JAUZE,72,72110,jauze,https://www.meilleursagents.com/prix-immobilier/jauze-72110/
31717,72149,JOUE EN CHARNIE,72,72540,joue-en-charnie,https://www.meilleursagents.com/prix-immobilier/joue-en-charnie-72540/
31718,72150,JOUE L ABBE,72,72380,joue-l-abbe,https://www.meilleursagents.com/prix-immobilier/joue-l-abbe-72380/
31719,72151,JUIGNE SUR SARTHE,72,72300,juigne-sur-sarthe,https://www.meilleursagents.com/prix-immobilier/juigne-sur-sarthe-72300/
31720,72152,JUILLE,72,72170,juille,https://www.meilleursagents.com/prix-immobilier/juille-72170/
31721,72153,JUPILLES,72,72500,jupilles,https://www.meilleursagents.com/prix-immobilier/jupilles-72500/
31722,72154,LA FLECHE,72,72200,la-fleche,https://www.meilleursagents.com/prix-immobilier/la-fleche-72200/
31723,72155,LAIGNE EN BELIN,72,72220,laigne-en-belin,https://www.meilleursagents.com/prix-immobilier/laigne-en-belin-72220/
31724,72155,ST GERVAIS EN BELIN,72,72220,saint-gervais-en-belin,https://www.meilleursagents.com/prix-immobilier/saint-gervais-en-belin-72220/
31725,72156,LAMNAY,72,72320,lamnay,https://www.meilleursagents.com/prix-immobilier/lamnay-72320/
31726,72157,LAVARDIN,72,72240,lavardin,https://www.meilleursagents.com/prix-immobilier/lavardin-72240/
31727,72158,LAVARE,72,72390,lavare,https://www.meilleursagents.com/prix-immobilier/lavare-72390/
31728,72160,LAVERNAT,72,72500,lavernat,https://www.meilleursagents.com/prix-immobilier/lavernat-72500/
31729,72161,LHOMME,72,72340,lhomme,https://www.meilleursagents.com/prix-immobilier/lhomme-72340/
31730,72163,LIGRON,72,72270,ligron,https://www.meilleursagents.com/prix-immobilier/ligron-72270/
31731,72164,LIVET EN SAOSNOIS,72,72610,livet-en-saosnois,https://www.meilleursagents.com/prix-immobilier/livet-en-saosnois-72610/
31732,72165,LOMBRON,72,72450,lombron,https://www.meilleursagents.com/prix-immobilier/lombron-72450/
31733,72166,LONGNES,72,72540,longnes,https://www.meilleursagents.com/prix-immobilier/longnes-72540/
31734,72167,LOUAILLES,72,72300,louailles,https://www.meilleursagents.com/prix-immobilier/louailles-72300/
31735,72168,LOUE,72,72540,loue,https://www.meilleursagents.com/prix-immobilier/loue-72540/
31736,72169,LOUPLANDE,72,72210,louplande,https://www.meilleursagents.com/prix-immobilier/louplande-72210/
31737,72170,LOUVIGNY,72,72600,louvigny,https://www.meilleursagents.com/prix-immobilier/louvigny-72600/
31738,72171,LOUZES,72,72600,louzes,https://www.meilleursagents.com/prix-immobilier/louzes-72600/
31739,72172,LE LUART,72,72390,le-luart,https://www.meilleursagents.com/prix-immobilier/le-luart-72390/
31740,72173,LUCEAU,72,72500,luceau,https://www.meilleursagents.com/prix-immobilier/luceau-72500/
31741,72174,LUCE SOUS BALLON,72,72290,luce-sous-ballon,https://www.meilleursagents.com/prix-immobilier/luce-sous-ballon-72290/
31742,72175,LUCHE PRINGE,72,72800,luche-pringe,https://www.meilleursagents.com/prix-immobilier/luche-pringe-72800/
31743,72176,LE LUDE,72,72800,le-lude,https://www.meilleursagents.com/prix-immobilier/le-lude-72800/
31744,72176,DISSE SOUS LE LUDE,72,72800,disse-sous-le-lude,https://www.meilleursagents.com/prix-immobilier/disse-sous-le-lude-72800/
31745,72177,MAIGNE,72,72210,maigne,https://www.meilleursagents.com/prix-immobilier/maigne-72210/
31746,72178,MAISONCELLES,72,72440,maisoncelles,https://www.meilleursagents.com/prix-immobilier/maisoncelles-72440/
31747,72179,MALICORNE SUR SARTHE,72,72270,malicorne-sur-sarthe,https://www.meilleursagents.com/prix-immobilier/malicorne-sur-sarthe-72270/
31748,72180,MAMERS,72,72600,mamers,https://www.meilleursagents.com/prix-immobilier/mamers-72600/
31749,72181,LE MANS,72,72000,le-mans,https://www.meilleursagents.com/prix-immobilier/le-mans-72000/
31750,72181,LE MANS,72,72100,le-mans,https://www.meilleursagents.com/prix-immobilier/le-mans-72100/
31751,72182,MANSIGNE,72,72510,mansigne,https://www.meilleursagents.com/prix-immobilier/mansigne-72510/
31752,72183,MARCON,72,72340,marcon,https://www.meilleursagents.com/prix-immobilier/marcon-72340/
31753,72184,MAREIL EN CHAMPAGNE,72,72540,mareil-en-champagne,https://www.meilleursagents.com/prix-immobilier/mareil-en-champagne-72540/
31754,72185,MAREIL SUR LOIR,72,72200,mareil-sur-loir,https://www.meilleursagents.com/prix-immobilier/mareil-sur-loir-72200/
31755,72186,MARESCHE,72,72170,maresche,https://www.meilleursagents.com/prix-immobilier/maresche-72170/
31756,72187,MARIGNE LAILLE,72,72220,marigne-laille,https://www.meilleursagents.com/prix-immobilier/marigne-laille-72220/
31757,72188,MAROLLETTE,72,72600,marollette,https://www.meilleursagents.com/prix-immobilier/marollette-72600/
31758,72189,MAROLLES LES BRAULTS,72,72260,marolles-les-braults,https://www.meilleursagents.com/prix-immobilier/marolles-les-braults-72260/
31759,72189,DISSE SOUS BALLON,72,72260,disse-sous-ballon,https://www.meilleursagents.com/prix-immobilier/disse-sous-ballon-72260/
31760,72190,MAROLLES LES ST CALAIS,72,72120,marolles-les-st-calais,https://www.meilleursagents.com/prix-immobilier/marolles-les-st-calais-72120/
31761,72191,MAYET,72,72360,mayet,https://www.meilleursagents.com/prix-immobilier/mayet-72360/
31762,72192,LES MEES,72,72260,les-mees,https://www.meilleursagents.com/prix-immobilier/les-mees-72260/
31763,72193,MELLERAY,72,72320,melleray,https://www.meilleursagents.com/prix-immobilier/melleray-72320/
31764,72194,MEURCE,72,72170,meurce,https://www.meilleursagents.com/prix-immobilier/meurce-72170/
31765,72195,MEZERAY,72,72270,mezeray,https://www.meilleursagents.com/prix-immobilier/mezeray-72270/
31766,72196,MEZIERES SUR PONTHOUIN,72,72290,mezieres-sur-ponthouin,https://www.meilleursagents.com/prix-immobilier/mezieres-sur-ponthouin-72290/
31767,72197,MEZIERES SOUS LAVARDIN,72,72240,mezieres-sous-lavardin,https://www.meilleursagents.com/prix-immobilier/mezieres-sous-lavardin-72240/
31768,72198,LA MILESSE,72,72650,la-milesse,https://www.meilleursagents.com/prix-immobilier/la-milesse-72650/
31769,72199,MOITRON SUR SARTHE,72,72170,moitron-sur-sarthe,https://www.meilleursagents.com/prix-immobilier/moitron-sur-sarthe-72170/
31770,72199,LE GUE LIAN,72,72170,le-gue-lian,https://www.meilleursagents.com/prix-immobilier/le-gue-lian-72170/
31771,72200,MONCE EN BELIN,72,72230,monce-en-belin,https://www.meilleursagents.com/prix-immobilier/monce-en-belin-72230/
31772,72201,MONCE EN SAOSNOIS,72,72260,monce-en-saosnois,https://www.meilleursagents.com/prix-immobilier/monce-en-saosnois-72260/
31773,72202,MONHOUDOU,72,72260,monhoudou,https://www.meilleursagents.com/prix-immobilier/monhoudou-72260/
31774,72204,MONTAILLE,72,72120,montaille,https://www.meilleursagents.com/prix-immobilier/montaille-72120/
31775,72205,MONTBIZOT,72,72380,montbizot,https://www.meilleursagents.com/prix-immobilier/montbizot-72380/
31776,72208,MONTMIRAIL,72,72320,montmirail,https://www.meilleursagents.com/prix-immobilier/montmirail-72320/
31777,72209,MONTREUIL LE CHETIF,72,72130,montreuil-le-chetif,https://www.meilleursagents.com/prix-immobilier/montreuil-le-chetif-72130/
31778,72210,MONTREUIL LE HENRI,72,72150,montreuil-le-henri,https://www.meilleursagents.com/prix-immobilier/montreuil-le-henri-72150/
31779,72211,MONT ST JEAN,72,72140,mont-st-jean,https://www.meilleursagents.com/prix-immobilier/mont-st-jean-72140/
31780,72212,MOULINS LE CARBONNEL,72,72130,moulins-le-carbonnel,https://www.meilleursagents.com/prix-immobilier/moulins-le-carbonnel-72130/
31781,72213,MULSANNE,72,72230,mulsanne,https://www.meilleursagents.com/prix-immobilier/mulsanne-72230/
31782,72214,NAUVAY,72,72260,nauvay,https://www.meilleursagents.com/prix-immobilier/nauvay-72260/
31783,72215,NEUFCHATEL EN SAOSNOIS,72,72600,neufchatel-en-saosnois,https://www.meilleursagents.com/prix-immobilier/neufchatel-en-saosnois-72600/
31784,72216,NEUVILLALAIS,72,72240,neuvillalais,https://www.meilleursagents.com/prix-immobilier/neuvillalais-72240/
31785,72217,NEUVILLE SUR SARTHE,72,72190,neuville-sur-sarthe,https://www.meilleursagents.com/prix-immobilier/neuville-sur-sarthe-72190/
31786,72218,NEUVILLETTE EN CHARNIE,72,72140,neuvillette-en-charnie,https://www.meilleursagents.com/prix-immobilier/neuvillette-en-charnie-72140/
31787,72219,BERNAY EN CHAMPAGNE,72,72240,bernay-en-champagne,https://www.meilleursagents.com/prix-immobilier/bernay-en-champagne-72240/
31788,72219,NEUVY EN CHAMPAGNE,72,72240,neuvy-en-champagne,https://www.meilleursagents.com/prix-immobilier/neuvy-en-champagne-72240/
31789,72220,NOGENT LE BERNARD,72,72110,nogent-le-bernard,https://www.meilleursagents.com/prix-immobilier/nogent-le-bernard-72110/
31790,72221,NOGENT SUR LOIR,72,72500,nogent-sur-loir,https://www.meilleursagents.com/prix-immobilier/nogent-sur-loir-72500/
31791,72222,NOUANS,72,72260,nouans,https://www.meilleursagents.com/prix-immobilier/nouans-72260/
31792,72223,NOYEN SUR SARTHE,72,72430,noyen-sur-sarthe,https://www.meilleursagents.com/prix-immobilier/noyen-sur-sarthe-72430/
31793,72224,NUILLE LE JALAIS,72,72370,nuille-le-jalais,https://www.meilleursagents.com/prix-immobilier/nuille-le-jalais-72370/
31794,72225,OISSEAU LE PETIT,72,72610,oisseau-le-petit,https://www.meilleursagents.com/prix-immobilier/oisseau-le-petit-72610/
31795,72226,OIZE,72,72330,oize,https://www.meilleursagents.com/prix-immobilier/oize-72330/
31796,72227,PANON,72,72600,panon,https://www.meilleursagents.com/prix-immobilier/panon-72600/
31797,72228,PARCE SUR SARTHE,72,72300,parce-sur-sarthe,https://www.meilleursagents.com/prix-immobilier/parce-sur-sarthe-72300/
31798,72229,PARENNES,72,72140,parennes,https://www.meilleursagents.com/prix-immobilier/parennes-72140/
31799,72230,PARIGNE LE POLIN,72,72330,parigne-le-polin,https://www.meilleursagents.com/prix-immobilier/parigne-le-polin-72330/
31800,72231,PARIGNE L EVEQUE,72,72250,parigne-l-eveque,https://www.meilleursagents.com/prix-immobilier/parigne-l-eveque-72250/
31801,72232,NOTRE DAME DU PE,72,72300,notre-dame-du-pe,https://www.meilleursagents.com/prix-immobilier/notre-dame-du-pe-72300/
31802,72233,PERAY,72,72260,peray,https://www.meilleursagents.com/prix-immobilier/peray-72260/
31803,72234,PEZE LE ROBERT,72,72140,peze-le-robert,https://www.meilleursagents.com/prix-immobilier/peze-le-robert-72140/
31804,72235,PIACE,72,72170,piace,https://www.meilleursagents.com/prix-immobilier/piace-72170/
31805,72236,PINCE,72,72300,pince,https://www.meilleursagents.com/prix-immobilier/pince-72300/
31806,72237,PIRMIL,72,72430,pirmil,https://www.meilleursagents.com/prix-immobilier/pirmil-72430/
31807,72238,PIZIEUX,72,72600,pizieux,https://www.meilleursagents.com/prix-immobilier/pizieux-72600/
31808,72239,POILLE SUR VEGRE,72,72350,poille-sur-vegre,https://www.meilleursagents.com/prix-immobilier/poille-sur-vegre-72350/
31809,72241,MONTFORT LE GESNOIS,72,72450,montfort-le-gesnois,https://www.meilleursagents.com/prix-immobilier/montfort-le-gesnois-72450/
31810,72243,PONTVALLAIN,72,72510,pontvallain,https://www.meilleursagents.com/prix-immobilier/pontvallain-72510/
31811,72244,PRECIGNE,72,72300,precigne,https://www.meilleursagents.com/prix-immobilier/precigne-72300/
31812,72245,PREVAL,72,72400,preval,https://www.meilleursagents.com/prix-immobilier/preval-72400/
31813,72246,PREVELLES,72,72110,prevelles,https://www.meilleursagents.com/prix-immobilier/prevelles-72110/
31814,72247,PRUILLE LE CHETIF,72,72700,pruille-le-chetif,https://www.meilleursagents.com/prix-immobilier/pruille-le-chetif-72700/
31815,72248,PRUILLE L EGUILLE,72,72150,pruille-l-eguille,https://www.meilleursagents.com/prix-immobilier/pruille-l-eguille-72150/
31816,72249,LA QUINTE,72,72550,la-quinte,https://www.meilleursagents.com/prix-immobilier/la-quinte-72550/
31817,72250,RAHAY,72,72120,rahay,https://www.meilleursagents.com/prix-immobilier/rahay-72120/
31818,72251,RENE,72,72260,rene,https://www.meilleursagents.com/prix-immobilier/rene-72260/
31819,72252,REQUEIL,72,72510,requeil,https://www.meilleursagents.com/prix-immobilier/requeil-72510/
31820,72253,ROEZE SUR SARTHE,72,72210,roeze-sur-sarthe,https://www.meilleursagents.com/prix-immobilier/roeze-sur-sarthe-72210/
31821,72254,ROUESSE FONTAINE,72,72610,rouesse-fontaine,https://www.meilleursagents.com/prix-immobilier/rouesse-fontaine-72610/
31822,72255,ROUESSE VASSE,72,72140,rouesse-vasse,https://www.meilleursagents.com/prix-immobilier/rouesse-vasse-72140/
31823,72256,ROUEZ,72,72140,rouez,https://www.meilleursagents.com/prix-immobilier/rouez-72140/
31824,72257,ROUILLON,72,72700,rouillon,https://www.meilleursagents.com/prix-immobilier/rouillon-72700/
31825,72259,ROUPERROUX LE COQUET,72,72110,rouperroux-le-coquet,https://www.meilleursagents.com/prix-immobilier/rouperroux-le-coquet-72110/
31826,72260,RUAUDIN,72,72230,ruaudin,https://www.meilleursagents.com/prix-immobilier/ruaudin-72230/
31827,72261,RUILLE EN CHAMPAGNE,72,72240,ruille-en-champagne,https://www.meilleursagents.com/prix-immobilier/ruille-en-champagne-72240/
31828,72262,LA CHAPELLE GAUGAIN,72,72310,la-chapelle-gaugain,https://www.meilleursagents.com/prix-immobilier/la-chapelle-gaugain-72310/
31829,72262,LAVENAY,72,72310,lavenay,https://www.meilleursagents.com/prix-immobilier/lavenay-72310/
31830,72262,PONCE SUR LE LOIR,72,72340,ponce-sur-le-loir,https://www.meilleursagents.com/prix-immobilier/ponce-sur-le-loir-72340/
31831,72262,PONT DE BRAYE,72,72340,pont-de-braye,https://www.meilleursagents.com/prix-immobilier/pont-de-braye-72340/
31832,72262,RUILLE SUR LOIR,72,72340,ruille-sur-loir,https://www.meilleursagents.com/prix-immobilier/ruille-sur-loir-72340/
31833,72264,SABLE SUR SARTHE,72,72300,sable-sur-sarthe,https://www.meilleursagents.com/prix-immobilier/sable-sur-sarthe-72300/
31834,72265,ST AIGNAN,72,72110,saint-aignan,https://www.meilleursagents.com/prix-immobilier/saint-aignan-72110/
31835,72266,ST AUBIN DE LOCQUENAY,72,72130,saint-aubin-de-locquenay,https://www.meilleursagents.com/prix-immobilier/saint-aubin-de-locquenay-72130/
31836,72267,ST AUBIN DES COUDRAIS,72,72400,saint-aubin-des-coudrais,https://www.meilleursagents.com/prix-immobilier/saint-aubin-des-coudrais-72400/
31837,72268,ST BIEZ EN BELIN,72,72220,saint-biez-en-belin,https://www.meilleursagents.com/prix-immobilier/saint-biez-en-belin-72220/
31838,72269,ST CALAIS,72,72120,saint-calais,https://www.meilleursagents.com/prix-immobilier/saint-calais-72120/
31839,72270,ST CALEZ EN SAOSNOIS,72,72600,saint-calez-en-saosnois,https://www.meilleursagents.com/prix-immobilier/saint-calez-en-saosnois-72600/
31840,72271,ST CELERIN,72,72110,saint-celerin,https://www.meilleursagents.com/prix-immobilier/saint-celerin-72110/
31841,72272,STE CEROTTE,72,72120,sainte-cerotte,https://www.meilleursagents.com/prix-immobilier/sainte-cerotte-72120/
31842,72273,ST CHRISTOPHE DU JAMBET,72,72170,saint-christophe-du-jambet,https://www.meilleursagents.com/prix-immobilier/saint-christophe-du-jambet-72170/
31843,72274,ST CHRISTOPHE EN CHAMPAGNE,72,72540,saint-christophe-en-champagne,https://www.meilleursagents.com/prix-immobilier/saint-christophe-en-champagne-72540/
31844,72275,ST CORNEILLE,72,72460,saint-corneille,https://www.meilleursagents.com/prix-immobilier/saint-corneille-72460/
31845,72276,ST COSME EN VAIRAIS,72,72110,saint-cosme-en-vairais,https://www.meilleursagents.com/prix-immobilier/saint-cosme-en-vairais-72110/
31846,72277,ST DENIS DES COUDRAIS,72,72110,saint-denis-des-coudrais,https://www.meilleursagents.com/prix-immobilier/saint-denis-des-coudrais-72110/
31847,72278,ST DENIS D ORQUES,72,72350,saint-denis-d-orques,https://www.meilleursagents.com/prix-immobilier/saint-denis-d-orques-72350/
31848,72279,ST GEORGES DE LA COUEE,72,72150,saint-georges-de-la-couee,https://www.meilleursagents.com/prix-immobilier/saint-georges-de-la-couee-72150/
31849,72280,ST GEORGES DU BOIS,72,72700,saint-georges-du-bois,https://www.meilleursagents.com/prix-immobilier/saint-georges-du-bois-72700/
31850,72281,ST GEORGES DU ROSAY,72,72110,saint-georges-du-rosay,https://www.meilleursagents.com/prix-immobilier/saint-georges-du-rosay-72110/
31851,72282,ST GEORGES LE GAULTIER,72,72130,saint-georges-le-gaultier,https://www.meilleursagents.com/prix-immobilier/saint-georges-le-gaultier-72130/
31852,72283,ST GERMAIN D ARCE,72,72800,saint-germain-d-arce,https://www.meilleursagents.com/prix-immobilier/saint-germain-d-arce-72800/
31853,72286,ST GERVAIS DE VIC,72,72120,saint-gervais-de-vic,https://www.meilleursagents.com/prix-immobilier/saint-gervais-de-vic-72120/
31854,72289,STE JAMME SUR SARTHE,72,72380,sainte-jamme-sur-sarthe,https://www.meilleursagents.com/prix-immobilier/sainte-jamme-sur-sarthe-72380/
31855,72289,ANTOIGNE,72,72380,antoigne,https://www.meilleursagents.com/prix-immobilier/antoigne-72380/
31856,72290,ST JEAN D ASSE,72,72380,saint-jean-d-asse,https://www.meilleursagents.com/prix-immobilier/saint-jean-d-asse-72380/
31857,72291,ST JEAN DE LA MOTTE,72,72510,saint-jean-de-la-motte,https://www.meilleursagents.com/prix-immobilier/saint-jean-de-la-motte-72510/
31858,72292,ST JEAN DES ECHELLES,72,72320,saint-jean-des-echelles,https://www.meilleursagents.com/prix-immobilier/saint-jean-des-echelles-72320/
31859,72293,ST JEAN DU BOIS,72,72430,saint-jean-du-bois,https://www.meilleursagents.com/prix-immobilier/saint-jean-du-bois-72430/
31860,72294,ST LEONARD DES BOIS,72,72130,saint-leonard-des-bois,https://www.meilleursagents.com/prix-immobilier/saint-leonard-des-bois-72130/
31861,72295,ST LONGIS,72,72600,saint-longis,https://www.meilleursagents.com/prix-immobilier/saint-longis-72600/
31862,72296,ST MAIXENT,72,72320,saint-maixent,https://www.meilleursagents.com/prix-immobilier/saint-maixent-72320/
31863,72297,ST MARCEAU,72,72170,saint-marceau,https://www.meilleursagents.com/prix-immobilier/saint-marceau-72170/
31864,72299,ST MARS D OUTILLE,72,72220,saint-mars-d-outille,https://www.meilleursagents.com/prix-immobilier/saint-mars-d-outille-72220/
31865,72300,ST MARS LA BRIERE,72,72470,saint-mars-la-briere,https://www.meilleursagents.com/prix-immobilier/saint-mars-la-briere-72470/
31866,72302,ST MARTIN DES MONTS,72,72400,saint-martin-des-monts,https://www.meilleursagents.com/prix-immobilier/saint-martin-des-monts-72400/
31867,72303,ST MICHEL DE CHAVAIGNES,72,72440,saint-michel-de-chavaignes,https://www.meilleursagents.com/prix-immobilier/saint-michel-de-chavaignes-72440/
31868,72305,ST OUEN DE MIMBRE,72,72130,saint-ouen-de-mimbre,https://www.meilleursagents.com/prix-immobilier/saint-ouen-de-mimbre-72130/
31869,72306,ST OUEN EN BELIN,72,72220,saint-ouen-en-belin,https://www.meilleursagents.com/prix-immobilier/saint-ouen-en-belin-72220/
31870,72307,ST OUEN EN CHAMPAGNE,72,72350,saint-ouen-en-champagne,https://www.meilleursagents.com/prix-immobilier/saint-ouen-en-champagne-72350/
31871,72308,LE CHEVAIN,72,72610,le-chevain,https://www.meilleursagents.com/prix-immobilier/le-chevain-72610/
31872,72308,ST PATERNE,72,72610,saint-paterne,https://www.meilleursagents.com/prix-immobilier/saint-paterne-72610/
31873,72309,ST PAUL LE GAULTIER,72,72130,saint-paul-le-gaultier,https://www.meilleursagents.com/prix-immobilier/saint-paul-le-gaultier-72130/
31874,72310,ST PAVACE,72,72190,saint-pavace,https://www.meilleursagents.com/prix-immobilier/saint-pavace-72190/
31875,72311,ST PIERRE DE CHEVILLE,72,72500,saint-pierre-de-cheville,https://www.meilleursagents.com/prix-immobilier/saint-pierre-de-cheville-72500/
31876,72312,ST PIERRE DES BOIS,72,72430,saint-pierre-des-bois,https://www.meilleursagents.com/prix-immobilier/saint-pierre-des-bois-72430/
31877,72313,ST PIERRE DES ORMES,72,72600,saint-pierre-des-ormes,https://www.meilleursagents.com/prix-immobilier/saint-pierre-des-ormes-72600/
31878,72314,ST PIERRE DU LOROUER,72,72150,saint-pierre-du-lorouer,https://www.meilleursagents.com/prix-immobilier/saint-pierre-du-lorouer-72150/
31879,72315,ST REMY DE SILLE,72,72140,saint-remy-de-sille,https://www.meilleursagents.com/prix-immobilier/saint-remy-de-sille-72140/
31880,72316,ST REMY DES MONTS,72,72600,saint-remy-des-monts,https://www.meilleursagents.com/prix-immobilier/saint-remy-des-monts-72600/
31881,72317,ST REMY DU VAL,72,72600,saint-remy-du-val,https://www.meilleursagents.com/prix-immobilier/saint-remy-du-val-72600/
31882,72319,STE SABINE SUR LONGEVE,72,72380,sainte-sabine-sur-longeve,https://www.meilleursagents.com/prix-immobilier/sainte-sabine-sur-longeve-72380/
31883,72320,ST SATURNIN,72,72650,saint-saturnin,https://www.meilleursagents.com/prix-immobilier/saint-saturnin-72650/
31884,72321,ST SYMPHORIEN,72,72240,saint-symphorien,https://www.meilleursagents.com/prix-immobilier/saint-symphorien-72240/
31885,72322,ST ULPHACE,72,72320,saint-ulphace,https://www.meilleursagents.com/prix-immobilier/saint-ulphace-72320/
31886,72323,ST VICTEUR,72,72130,saint-victeur,https://www.meilleursagents.com/prix-immobilier/saint-victeur-72130/
31887,72324,ST VINCENT DES PRES,72,72600,saint-vincent-des-pres,https://www.meilleursagents.com/prix-immobilier/saint-vincent-des-pres-72600/
31888,72325,ST VINCENT DU LOROUER,72,72150,saint-vincent-du-lorouer,https://www.meilleursagents.com/prix-immobilier/saint-vincent-du-lorouer-72150/
31889,72326,SAOSNES,72,72600,saosnes,https://www.meilleursagents.com/prix-immobilier/saosnes-72600/
31890,72327,SARCE,72,72360,sarce,https://www.meilleursagents.com/prix-immobilier/sarce-72360/
31891,72328,SARGE LES LE MANS,72,72190,sarge-les-le-mans,https://www.meilleursagents.com/prix-immobilier/sarge-les-le-mans-72190/
31892,72329,SAVIGNE L EVEQUE,72,72460,savigne-l-eveque,https://www.meilleursagents.com/prix-immobilier/savigne-l-eveque-72460/
31893,72330,SAVIGNE SOUS LE LUDE,72,72800,savigne-sous-le-lude,https://www.meilleursagents.com/prix-immobilier/savigne-sous-le-lude-72800/
31894,72331,SCEAUX SUR HUISNE,72,72160,sceaux-sur-huisne,https://www.meilleursagents.com/prix-immobilier/sceaux-sur-huisne-72160/
31895,72332,SEGRIE,72,72170,segrie,https://www.meilleursagents.com/prix-immobilier/segrie-72170/
31896,72333,SEMUR EN VALLON,72,72390,semur-en-vallon,https://www.meilleursagents.com/prix-immobilier/semur-en-vallon-72390/
31897,72334,SILLE LE GUILLAUME,72,72140,sille-le-guillaume,https://www.meilleursagents.com/prix-immobilier/sille-le-guillaume-72140/
31898,72335,SILLE LE PHILIPPE,72,72460,sille-le-philippe,https://www.meilleursagents.com/prix-immobilier/sille-le-philippe-72460/
31899,72336,SOLESMES,72,72300,solesmes,https://www.meilleursagents.com/prix-immobilier/solesmes-72300/
31900,72337,SOUGE LE GANELON,72,72130,souge-le-ganelon,https://www.meilleursagents.com/prix-immobilier/souge-le-ganelon-72130/
31901,72338,SOUILLE,72,72380,souille,https://www.meilleursagents.com/prix-immobilier/souille-72380/
31902,72339,SOULIGNE FLACE,72,72210,souligne-flace,https://www.meilleursagents.com/prix-immobilier/souligne-flace-72210/
31903,72340,SOULIGNE SOUS BALLON,72,72290,souligne-sous-ballon,https://www.meilleursagents.com/prix-immobilier/souligne-sous-ballon-72290/
31904,72341,SOULITRE,72,72370,soulitre,https://www.meilleursagents.com/prix-immobilier/soulitre-72370/
31905,72342,SOUVIGNE SUR MEME,72,72400,souvigne-sur-meme,https://www.meilleursagents.com/prix-immobilier/souvigne-sur-meme-72400/
31906,72343,SOUVIGNE SUR SARTHE,72,72300,souvigne-sur-sarthe,https://www.meilleursagents.com/prix-immobilier/souvigne-sur-sarthe-72300/
31907,72344,SPAY,72,72700,spay,https://www.meilleursagents.com/prix-immobilier/spay-72700/
31908,72345,SURFONDS,72,72370,surfonds,https://www.meilleursagents.com/prix-immobilier/surfonds-72370/
31909,72346,LA SUZE SUR SARTHE,72,72210,la-suze-sur-sarthe,https://www.meilleursagents.com/prix-immobilier/la-suze-sur-sarthe-72210/
31910,72347,TASSE,72,72430,tasse,https://www.meilleursagents.com/prix-immobilier/tasse-72430/
31911,72348,TASSILLE,72,72540,tassille,https://www.meilleursagents.com/prix-immobilier/tassille-72540/
31912,72349,TEILLE,72,72290,teille,https://www.meilleursagents.com/prix-immobilier/teille-72290/
31913,72350,TELOCHE,72,72220,teloche,https://www.meilleursagents.com/prix-immobilier/teloche-72220/
31914,72351,TENNIE,72,72240,tennie,https://www.meilleursagents.com/prix-immobilier/tennie-72240/
31915,72352,TERREHAULT,72,72110,terrehault,https://www.meilleursagents.com/prix-immobilier/terrehault-72110/
31916,72353,THELIGNY,72,72320,theligny,https://www.meilleursagents.com/prix-immobilier/theligny-72320/
31917,72354,THOIGNE,72,72260,thoigne,https://www.meilleursagents.com/prix-immobilier/thoigne-72260/
31918,72355,THOIRE SOUS CONTENSOR,72,72610,thoire-sous-contensor,https://www.meilleursagents.com/prix-immobilier/thoire-sous-contensor-72610/
31919,72356,THOIRE SUR DINAN,72,72500,thoire-sur-dinan,https://www.meilleursagents.com/prix-immobilier/thoire-sur-dinan-72500/
31920,72357,THOREE LES PINS,72,72800,thoree-les-pins,https://www.meilleursagents.com/prix-immobilier/thoree-les-pins-72800/
31921,72358,THORIGNE SUR DUE,72,72160,thorigne-sur-due,https://www.meilleursagents.com/prix-immobilier/thorigne-sur-due-72160/
31922,72359,TORCE EN VALLEE,72,72110,torce-en-vallee,https://www.meilleursagents.com/prix-immobilier/torce-en-vallee-72110/
31923,72360,TRANGE,72,72650,trange,https://www.meilleursagents.com/prix-immobilier/trange-72650/
31924,72361,TRESSON,72,72440,tresson,https://www.meilleursagents.com/prix-immobilier/tresson-72440/
31925,72362,LE TRONCHET,72,72170,le-tronchet,https://www.meilleursagents.com/prix-immobilier/le-tronchet-72170/
31926,72363,ST HILAIRE LE LIERRU,72,72160,saint-hilaire-le-lierru,https://www.meilleursagents.com/prix-immobilier/saint-hilaire-le-lierru-72160/
31927,72363,TUFFE,72,72160,tuffe,https://www.meilleursagents.com/prix-immobilier/tuffe-72160/
31928,72364,VAAS,72,72500,vaas,https://www.meilleursagents.com/prix-immobilier/vaas-72500/
31929,72366,VALENNES,72,72320,valennes,https://www.meilleursagents.com/prix-immobilier/valennes-72320/
31930,72367,VALLON SUR GEE,72,72540,vallon-sur-gee,https://www.meilleursagents.com/prix-immobilier/vallon-sur-gee-72540/
31931,72368,VANCE,72,72310,vance,https://www.meilleursagents.com/prix-immobilier/vance-72310/
31932,72369,VERNEIL LE CHETIF,72,72360,verneil-le-chetif,https://www.meilleursagents.com/prix-immobilier/verneil-le-chetif-72360/
31933,72370,VERNIE,72,72170,vernie,https://www.meilleursagents.com/prix-immobilier/vernie-72170/
31934,72372,VEZOT,72,72600,vezot,https://www.meilleursagents.com/prix-immobilier/vezot-72600/
31935,72373,VIBRAYE,72,72320,vibraye,https://www.meilleursagents.com/prix-immobilier/vibraye-72320/
31936,72374,VILLAINES LA CARELLE,72,72600,villaines-la-carelle,https://www.meilleursagents.com/prix-immobilier/villaines-la-carelle-72600/
31937,72375,VILLAINES LA GONAIS,72,72400,villaines-la-gonais,https://www.meilleursagents.com/prix-immobilier/villaines-la-gonais-72400/
31938,72376,VILLAINES SOUS LUCE,72,72150,villaines-sous-luce,https://www.meilleursagents.com/prix-immobilier/villaines-sous-luce-72150/
31939,72377,VILLAINES SOUS MALICORNE,72,72270,villaines-sous-malicorne,https://www.meilleursagents.com/prix-immobilier/villaines-sous-malicorne-72270/
31940,72378,VION,72,72300,vion,https://www.meilleursagents.com/prix-immobilier/vion-72300/
31941,72379,VIRE EN CHAMPAGNE,72,72350,vire-en-champagne,https://www.meilleursagents.com/prix-immobilier/vire-en-champagne-72350/
31942,72380,VIVOIN,72,72170,vivoin,https://www.meilleursagents.com/prix-immobilier/vivoin-72170/
31943,72381,VOIVRES LES LE MANS,72,72210,voivres-les-le-mans,https://www.meilleursagents.com/prix-immobilier/voivres-les-le-mans-72210/
31944,72382,ST MARS DE LOCQUENAY,72,72440,saint-mars-de-locquenay,https://www.meilleursagents.com/prix-immobilier/saint-mars-de-locquenay-72440/
31945,72382,VOLNAY,72,72440,volnay,https://www.meilleursagents.com/prix-immobilier/volnay-72440/
31946,72383,VOUVRAY SUR HUISNE,72,72160,vouvray-sur-huisne,https://www.meilleursagents.com/prix-immobilier/vouvray-sur-huisne-72160/
31947,72385,YVRE LE POLIN,72,72330,yvre-le-polin,https://www.meilleursagents.com/prix-immobilier/yvre-le-polin-72330/
31948,72386,YVRE L EVEQUE,72,72530,yvre-l-eveque,https://www.meilleursagents.com/prix-immobilier/yvre-l-eveque-72530/
36257,85001,LA FAUTE SUR MER,85,85460,la-faute-sur-mer,https://www.meilleursagents.com/prix-immobilier/la-faute-sur-mer-85460/
36258,85001,L AIGUILLON SUR MER,85,85460,l-aiguillon-sur-mer,https://www.meilleursagents.com/prix-immobilier/l-aiguillon-sur-mer-85460/
36259,85002,L AIGUILLON SUR VIE,85,85220,l-aiguillon-sur-vie,https://www.meilleursagents.com/prix-immobilier/l-aiguillon-sur-vie-85220/
36260,85003,AIZENAY,85,85190,aizenay,https://www.meilleursagents.com/prix-immobilier/aizenay-85190/
36261,85004,ANGLES,85,85750,angles,https://www.meilleursagents.com/prix-immobilier/angles-85750/
36262,85005,ANTIGNY,85,85120,antigny,https://www.meilleursagents.com/prix-immobilier/antigny-85120/
36263,85006,APREMONT,85,85220,apremont,https://www.meilleursagents.com/prix-immobilier/apremont-85220/
36264,85008,AUBIGNY,85,85430,aubigny,https://www.meilleursagents.com/prix-immobilier/aubigny-85430/
36265,85008,LES CLOUZEAUX,85,85430,les-clouzeaux,https://www.meilleursagents.com/prix-immobilier/les-clouzeaux-85430/
36266,85009,AUZAY,85,85200,auzay,https://www.meilleursagents.com/prix-immobilier/auzay-85200/
36267,85009,CHAIX,85,85200,chaix,https://www.meilleursagents.com/prix-immobilier/chaix-85200/
36268,85010,AVRILLE,85,85440,avrille,https://www.meilleursagents.com/prix-immobilier/avrille-85440/
36269,85011,BARBATRE,85,85630,barbatre,https://www.meilleursagents.com/prix-immobilier/barbatre-85630/
36270,85012,LA BARRE DE MONTS,85,85550,la-barre-de-monts,https://www.meilleursagents.com/prix-immobilier/la-barre-de-monts-85550/
36271,85012,FROMENTINE,85,85550,fromentine,https://www.meilleursagents.com/prix-immobilier/fromentine-85550/
36272,85013,BAZOGES EN PAILLERS,85,85130,bazoges-en-paillers,https://www.meilleursagents.com/prix-immobilier/bazoges-en-paillers-85130/
36273,85014,BAZOGES EN PAREDS,85,85390,bazoges-en-pareds,https://www.meilleursagents.com/prix-immobilier/bazoges-en-pareds-85390/
36274,85015,BEAUFOU,85,85170,beaufou,https://www.meilleursagents.com/prix-immobilier/beaufou-85170/
36275,85016,BEAULIEU SOUS LA ROCHE,85,85190,beaulieu-sous-la-roche,https://www.meilleursagents.com/prix-immobilier/beaulieu-sous-la-roche-85190/
36276,85017,BEAUREPAIRE,85,85500,beaurepaire,https://www.meilleursagents.com/prix-immobilier/beaurepaire-85500/
36277,85018,BEAUVOIR SUR MER,85,85230,beauvoir-sur-mer,https://www.meilleursagents.com/prix-immobilier/beauvoir-sur-mer-85230/
36278,85019,BELLEVILLE SUR VIE,85,85170,belleville-sur-vie,https://www.meilleursagents.com/prix-immobilier/belleville-sur-vie-85170/
36279,85019,SALIGNY,85,85170,saligny,https://www.meilleursagents.com/prix-immobilier/saligny-85170/
36280,85020,BENET,85,85490,benet,https://www.meilleursagents.com/prix-immobilier/benet-85490/
36281,85020,LESSON,85,85490,lesson,https://www.meilleursagents.com/prix-immobilier/lesson-85490/
36282,85020,STE CHRISTINE,85,85490,sainte-christine,https://www.meilleursagents.com/prix-immobilier/sainte-christine-85490/
36283,85022,LE BERNARD,85,85560,le-bernard,https://www.meilleursagents.com/prix-immobilier/le-bernard-85560/
36284,85023,BESSAY,85,85320,bessay,https://www.meilleursagents.com/prix-immobilier/bessay-85320/
36285,85024,BOIS DE CENE,85,85710,bois-de-cene,https://www.meilleursagents.com/prix-immobilier/bois-de-cene-85710/
36286,85025,LA BOISSIERE DE MONTAIGU,85,85600,la-boissiere-de-montaigu,https://www.meilleursagents.com/prix-immobilier/la-boissiere-de-montaigu-85600/
36287,85026,LA BOISSIERE DES LANDES,85,85430,la-boissiere-des-landes,https://www.meilleursagents.com/prix-immobilier/la-boissiere-des-landes-85430/
36288,85028,BOUILLE COURDAULT,85,85420,bouille-courdault,https://www.meilleursagents.com/prix-immobilier/bouille-courdault-85420/
